-- Generated by scripts/gen-seed-sql.mjs from src/data/seed-data.json.
-- Do not edit by hand; edit the JSON and rerun the script.

insert into projects (id, name, area, goal, target_date, created_at) values
  ('776870dd-2e25-b3da-ac59-2a55146cd711', 'Groceries system', 'home', 'One predictable weekly shop; stop running out of staples.', null, (now() - interval '50 days'));
insert into projects (id, name, area, goal, target_date, created_at) values
  ('81fa7c2a-86ed-40b4-7ce6-0469f09d8e81', 'Insulation', 'home', 'Attic and crawlspace insulated before it gets cold.', (current_date + 100), (now() - interval '50 days'));
insert into projects (id, name, area, goal, target_date, created_at) values
  ('e1533ca2-5227-50a3-716c-4e1565758966', 'Fence', 'home', 'Back fence replaced, new gate hung and swinging true.', (current_date + 60), (now() - interval '50 days'));
insert into projects (id, name, area, goal, target_date, created_at) values
  ('0ab2db56-fb34-9556-f2cf-b2ce362b74a6', 'Welding', 'home', 'Confident enough with the MIG to fab the gate frame myself.', null, (now() - interval '50 days'));
insert into projects (id, name, area, goal, target_date, created_at) values
  ('dfab71b0-7b65-c3d4-7245-af872dd37345', 'Grant application', 'home', 'Equipment grant submitted before the window closes.', (current_date + 12), (now() - interval '50 days'));
insert into projects (id, name, area, goal, target_date, created_at) values
  ('93571eed-1acf-f1cf-cd0f-fa73f39a4881', 'Asana builds', 'work', 'Intake and approvals builds shipped to the team.', (current_date + 21), (now() - interval '50 days'));
insert into projects (id, name, area, goal, target_date, created_at) values
  ('d6574450-d333-7696-b563-83a973a45d32', 'Item tracker', 'work', 'Item tracker MVP live for the ops team.', (current_date + 45), (now() - interval '50 days'));

insert into items (id, title, notes, area, project_id, section, assignee, effort, hard_deadline, importance, depends_on, status, created_at, last_touched_at, last_touch_note) values
  ('98fe5181-0b49-aea4-8619-7a0902238881', 'Write the master staples list', 'Everything we always need: pantry, fridge, freezer, cleaning.', 'home', '776870dd-2e25-b3da-ac59-2a55146cd711', null, null, 'S', null, 3, array[]::uuid[], 'open', (now() - interval '20 days'), (now() - interval '16 days'), null);
insert into items (id, title, notes, area, project_id, section, assignee, effort, hard_deadline, importance, depends_on, status, created_at, last_touched_at, last_touch_note) values
  ('8109b0a4-3a2b-98de-1920-86d884ca7fec', 'Label the pantry shelves', 'So things go back where they came from.', 'home', '776870dd-2e25-b3da-ac59-2a55146cd711', null, null, 'S', null, 2, array[]::uuid[], 'open', (now() - interval '18 days'), (now() - interval '18 days'), null);
insert into items (id, title, notes, area, project_id, section, assignee, effort, hard_deadline, importance, depends_on, status, created_at, last_touched_at, last_touch_note) values
  ('e815353d-0096-bc17-95bd-db1bae947ae2', 'Pick a fixed weekly shop day and calendar it', '', 'home', '776870dd-2e25-b3da-ac59-2a55146cd711', null, null, 'S', null, 3, array[]::uuid[], 'open', (now() - interval '12 days'), (now() - interval '3 days'), null);
insert into items (id, title, notes, area, project_id, section, assignee, effort, hard_deadline, importance, depends_on, status, created_at, last_touched_at, last_touch_note) values
  ('3a208979-76e1-9a19-fab7-064951127641', 'Get two more insulation quotes', 'Have one quote in hand; need two more before booking.', 'home', '81fa7c2a-86ed-40b4-7ce6-0469f09d8e81', null, null, 'M', (current_date + 20), 4, array[]::uuid[], 'open', (now() - interval '40 days'), (now() - interval '26 days'), null);
insert into items (id, title, notes, area, project_id, section, assignee, effort, hard_deadline, importance, depends_on, status, created_at, last_touched_at, last_touch_note) values
  ('324361ae-acb8-7379-1d95-c447dc227b77', 'Clear the attic so installers can get in', 'Boxes to the garage, old carpet to the dump.', 'home', '81fa7c2a-86ed-40b4-7ce6-0469f09d8e81', null, null, 'M', null, 3, array[]::uuid[], 'open', (now() - interval '35 days'), (now() - interval '30 days'), null);
insert into items (id, title, notes, area, project_id, section, assignee, effort, hard_deadline, importance, depends_on, status, created_at, last_touched_at, last_touch_note) values
  ('a73664f9-aac9-a180-f174-5ced3d32688b', 'Book the insulation install', '', 'home', '81fa7c2a-86ed-40b4-7ce6-0469f09d8e81', null, null, 'S', null, 4, array['3a208979-76e1-9a19-fab7-064951127641', '324361ae-acb8-7379-1d95-c447dc227b77']::uuid[], 'open', (now() - interval '40 days'), (now() - interval '40 days'), null);
insert into items (id, title, notes, area, project_id, section, assignee, effort, hard_deadline, importance, depends_on, status, created_at, last_touched_at, last_touch_note) values
  ('96bde562-b304-357f-3af4-8466e1e760ab', 'Measure the fence line and count posts', '', 'home', 'e1533ca2-5227-50a3-716c-4e1565758966', null, null, 'S', null, 3, array[]::uuid[], 'open', (now() - interval '15 days'), (now() - interval '10 days'), null);
insert into items (id, title, notes, area, project_id, section, assignee, effort, hard_deadline, importance, depends_on, status, created_at, last_touched_at, last_touch_note) values
  ('42f9bd29-fea9-c80a-f17c-02d4e54cc367', 'Buy posts, rails, and concrete', 'Check truck rental hours first.', 'home', 'e1533ca2-5227-50a3-716c-4e1565758966', null, null, 'M', null, 3, array['96bde562-b304-357f-3af4-8466e1e760ab']::uuid[], 'open', (now() - interval '15 days'), (now() - interval '15 days'), null);
insert into items (id, title, notes, area, project_id, section, assignee, effort, hard_deadline, importance, depends_on, status, created_at, last_touched_at, last_touch_note) values
  ('a61b1682-1b80-c8d0-9ca5-da180742919b', 'Set the new fence posts', '', 'home', 'e1533ca2-5227-50a3-716c-4e1565758966', null, null, 'L', null, 3, array['42f9bd29-fea9-c80a-f17c-02d4e54cc367']::uuid[], 'open', (now() - interval '15 days'), (now() - interval '15 days'), null);
insert into items (id, title, notes, area, project_id, section, assignee, effort, hard_deadline, importance, depends_on, status, created_at, last_touched_at, last_touch_note) values
  ('4473e8e7-ddf2-ccad-207c-491a98b49a16', 'Weld up the gate frame', 'Square tube is already in the shop.', 'home', 'e1533ca2-5227-50a3-716c-4e1565758966', null, null, 'M', null, 3, array['f4c48696-f365-a9fd-68b1-b50b24e452d9', 'a61b1682-1b80-c8d0-9ca5-da180742919b']::uuid[], 'open', (now() - interval '15 days'), (now() - interval '15 days'), null);
insert into items (id, title, notes, area, project_id, section, assignee, effort, hard_deadline, importance, depends_on, status, created_at, last_touched_at, last_touch_note) values
  ('5a8d9683-c37c-209d-0783-6dbb2c8bc1f2', 'Hang the gate', '', 'home', 'e1533ca2-5227-50a3-716c-4e1565758966', null, null, 'M', null, 2, array['4473e8e7-ddf2-ccad-207c-491a98b49a16']::uuid[], 'open', (now() - interval '15 days'), (now() - interval '15 days'), null);
insert into items (id, title, notes, area, project_id, section, assignee, effort, hard_deadline, importance, depends_on, status, created_at, last_touched_at, last_touch_note) values
  ('4099e8bb-3e60-b0b9-7cdc-65ac7a191c36', 'Check if the fence needs a permit', '', 'home', 'e1533ca2-5227-50a3-716c-4e1565758966', null, null, 'S', null, 3, array[]::uuid[], 'done', (now() - interval '20 days'), (now() - interval '12 days'), 'No permit needed under 6 ft.');
insert into items (id, title, notes, area, project_id, section, assignee, effort, hard_deadline, importance, depends_on, status, created_at, last_touched_at, last_touch_note) values
  ('f4c48696-f365-a9fd-68b1-b50b24e452d9', 'Run practice beads on scrap until they''re clean', 'The thing standing between me and the gate frame.', 'home', '0ab2db56-fb34-9556-f2cf-b2ce362b74a6', null, null, 'M', null, 3, array[]::uuid[], 'open', (now() - interval '45 days'), (now() - interval '34 days'), null);
insert into items (id, title, notes, area, project_id, section, assignee, effort, hard_deadline, importance, depends_on, status, created_at, last_touched_at, last_touch_note) values
  ('e74983c9-6b6c-3ac8-b625-191d89b28228', 'Refill the shielding gas bottle', '', 'home', '0ab2db56-fb34-9556-f2cf-b2ce362b74a6', null, null, 'S', null, 2, array[]::uuid[], 'open', (now() - interval '34 days'), (now() - interval '34 days'), null);
insert into items (id, title, notes, area, project_id, section, assignee, effort, hard_deadline, importance, depends_on, status, created_at, last_touched_at, last_touch_note) values
  ('2d0a9a00-0bac-6b01-6a51-bcbe902b4140', 'Evening welding course at the college', '', 'home', '0ab2db56-fb34-9556-f2cf-b2ce362b74a6', null, null, 'L', null, 2, array[]::uuid[], 'parked', (now() - interval '60 days'), (now() - interval '41 days'), 'Full until fall; revisit in September.');
insert into items (id, title, notes, area, project_id, section, assignee, effort, hard_deadline, importance, depends_on, status, created_at, last_touched_at, last_touch_note) values
  ('bd0744b8-9d39-ad06-fc1d-da66ede8418d', 'Gather equipment quotes for the budget', 'Need three written quotes per line item.', 'home', 'dfab71b0-7b65-c3d4-7245-af872dd37345', null, null, 'M', (current_date + 5), 5, array[]::uuid[], 'open', (now() - interval '30 days'), (now() - interval '8 days'), null);
insert into items (id, title, notes, area, project_id, section, assignee, effort, hard_deadline, importance, depends_on, status, created_at, last_touched_at, last_touch_note) values
  ('ba8ff5fa-725a-98a2-bfa9-5f5404c44292', 'Write the budget section', '', 'home', 'dfab71b0-7b65-c3d4-7245-af872dd37345', null, null, 'M', (current_date + 8), 5, array['bd0744b8-9d39-ad06-fc1d-da66ede8418d']::uuid[], 'open', (now() - interval '30 days'), (now() - interval '30 days'), null);
insert into items (id, title, notes, area, project_id, section, assignee, effort, hard_deadline, importance, depends_on, status, created_at, last_touched_at, last_touch_note) values
  ('23383f77-6ff6-6696-303f-fc8ca219cfb8', 'Draft the project narrative', 'Two pages max. Lead with the community angle.', 'home', 'dfab71b0-7b65-c3d4-7245-af872dd37345', null, null, 'L', (current_date + 8), 5, array[]::uuid[], 'in_progress', (now() - interval '30 days'), (now() - interval '6 days'), 'Intro and need statement drafted.');
insert into items (id, title, notes, area, project_id, section, assignee, effort, hard_deadline, importance, depends_on, status, created_at, last_touched_at, last_touch_note) values
  ('fa5039f8-49dd-6f8c-f75b-871e39541763', 'Final read-through and submit the grant', '', 'home', 'dfab71b0-7b65-c3d4-7245-af872dd37345', null, null, 'S', (current_date + 11), 5, array['ba8ff5fa-725a-98a2-bfa9-5f5404c44292', '23383f77-6ff6-6696-303f-fc8ca219cfb8']::uuid[], 'open', (now() - interval '30 days'), (now() - interval '30 days'), null);
insert into items (id, title, notes, area, project_id, section, assignee, effort, hard_deadline, importance, depends_on, status, created_at, last_touched_at, last_touch_note) values
  ('f3d66e5a-a910-ff09-a916-f55f01fb19c5', 'Build the intake form in Asana', 'Fields agreed with ops on Tuesday.', 'work', '93571eed-1acf-f1cf-cd0f-fa73f39a4881', 'In flight', 'Me', 'M', null, 4, array[]::uuid[], 'in_progress', (now() - interval '14 days'), (now() - interval '1 days'), 'Form fields done; conditional sections left.');
insert into items (id, title, notes, area, project_id, section, assignee, effort, hard_deadline, importance, depends_on, status, created_at, last_touched_at, last_touch_note) values
  ('e7caabee-3b8f-7b8e-db18-26fb9540f70e', 'Wire the intake routing rules', '', 'work', '93571eed-1acf-f1cf-cd0f-fa73f39a4881', 'In flight', 'Me', 'M', (current_date + 10), 4, array['f3d66e5a-a910-ff09-a916-f55f01fb19c5']::uuid[], 'open', (now() - interval '14 days'), (now() - interval '14 days'), null);
insert into items (id, title, notes, area, project_id, section, assignee, effort, hard_deadline, importance, depends_on, status, created_at, last_touched_at, last_touch_note) values
  ('7626c9ef-628d-54b2-24a1-085690e87fd0', 'Map the approvals flow with the ops lead', '30 minutes on a whiteboard settles this.', 'work', '93571eed-1acf-f1cf-cd0f-fa73f39a4881', 'Backlog', 'Me', 'S', null, 3, array[]::uuid[], 'open', (now() - interval '21 days'), (now() - interval '21 days'), null);
insert into items (id, title, notes, area, project_id, section, assignee, effort, hard_deadline, importance, depends_on, status, created_at, last_touched_at, last_touch_note) values
  ('0101193e-2e22-165c-1a83-b2ae3d52090b', 'Build the approvals workflow', '', 'work', '93571eed-1acf-f1cf-cd0f-fa73f39a4881', 'Backlog', 'Me', 'L', (current_date + 21), 4, array['7626c9ef-628d-54b2-24a1-085690e87fd0']::uuid[], 'open', (now() - interval '21 days'), (now() - interval '21 days'), null);
insert into items (id, title, notes, area, project_id, section, assignee, effort, hard_deadline, importance, depends_on, status, created_at, last_touched_at, last_touch_note) values
  ('03b3f423-81e3-4e52-d857-a1a3a13422a4', 'Freeze the item tracker field list', 'Ops keeps adding fields. Freeze it and move on.', 'work', 'd6574450-d333-7696-b563-83a973a45d32', 'Backlog', 'Me', 'S', null, 4, array[]::uuid[], 'open', (now() - interval '28 days'), (now() - interval '22 days'), null);
insert into items (id, title, notes, area, project_id, section, assignee, effort, hard_deadline, importance, depends_on, status, created_at, last_touched_at, last_touch_note) values
  ('8fba8d6f-0e5e-5d67-37e2-8177f075cab2', 'Draft the tracker schema and views', '', 'work', 'd6574450-d333-7696-b563-83a973a45d32', 'Backlog', 'Me', 'M', null, 3, array['03b3f423-81e3-4e52-d857-a1a3a13422a4']::uuid[], 'open', (now() - interval '28 days'), (now() - interval '28 days'), null);
insert into items (id, title, notes, area, project_id, section, assignee, effort, hard_deadline, importance, depends_on, status, created_at, last_touched_at, last_touch_note) values
  ('2108a84f-11df-6969-22ba-ba3c2d4740a5', 'Demo the tracker prototype to ops', '', 'work', 'd6574450-d333-7696-b563-83a973a45d32', 'Backlog', 'Me', 'M', (current_date + 30), 3, array['8fba8d6f-0e5e-5d67-37e2-8177f075cab2']::uuid[], 'open', (now() - interval '28 days'), (now() - interval '28 days'), null);
insert into items (id, title, notes, area, project_id, section, assignee, effort, hard_deadline, importance, depends_on, status, created_at, last_touched_at, last_touch_note) values
  ('adb72771-205a-d9c9-dd35-ba45ac14e138', 'Clear the ops shared inbox backlog', 'Twenty minutes of triage, mostly archiving.', 'work', null, null, null, 'S', null, 2, array[]::uuid[], 'open', (now() - interval '9 days'), (now() - interval '9 days'), null);

insert into stories (id, title, description, acceptance_criteria, business_value, time_criticality, enablement, job_size, status, raw, created_at) values
  ('e6bf14a5-4365-535e-08d1-ebab9e34d9db', 'As a portfolio reviewer, I want the app''s own roadmap visible as a groomed backlog on a kanban board so that the product practice is inspectable instead of claimed.', 'The Product tab holds user stories with acceptance criteria, effort estimates, and WSJF scores on a Backlog / Groomed / In progress / Done board. The app manages its own development from day one.', '[{"text":"Stories carry title, description, acceptance criteria, job size, WSJF score, and status","done":true},{"text":"Board shows Backlog, Groomed, In progress, and Done columns with tap-to-move","done":true},{"text":"A Later shelf holds v3 candidates without crowding the board","done":true},{"text":"Ships seeded with the real v2 backlog, not filler","done":true}]'::jsonb, 5, 3, 4, 5, 'done', false, (now() - interval '1 days'));
insert into stories (id, title, description, acceptance_criteria, business_value, time_criticality, enablement, job_size, status, raw, created_at) values
  ('cee25fe1-5a0a-161d-27b5-765c2babdbf3', 'As a daily user, I want every ranked item to explain its score in named framework factors so that I can trust the ordering or fix the inputs.', 'Replace the v1 ad hoc points with a WSJF adaptation: cost of delay (deadline urgency, importance, unblock value) divided by job size, with a staleness multiplier that boosts long-untouched work. Staleness stays first-class; it is this product''s differentiator.', '[{"text":"Score = cost of delay divided by job size, times a staleness multiplier","done":true},{"text":"Every card lists each factor with its points in plain language","done":true},{"text":"FRAMEWORK.md documents the model, the weights, and the rationale","done":true},{"text":"Unit tests cover deadline, staleness, and blocking boundaries","done":true}]'::jsonb, 5, 4, 3, 3, 'done', false, (now() - interval '1 days'));
insert into stories (id, title, description, acceptance_criteria, business_value, time_criticality, enablement, job_size, status, raw, created_at) values
  ('ba0cba2a-4e54-04a4-a964-4a30ad695b08', 'As a daily user, I want to see what an item blocks and what blocks it so that I can pick the work that unblocks the most.', 'A per-item dependency view rendered as a nested list, both directions. Blocked items stay out of the ready ranking; items that unblock open work get a boost that names what they free up.', '[{"text":"Item detail shows blocked-by and blocks as nested lists","done":true},{"text":"Blocked items never top the ready list","done":true},{"text":"The unblock factor names the work it would free up","done":true},{"text":"Readable at 390px with no graph rendering","done":true}]'::jsonb, 4, 2, 4, 2, 'done', false, (now() - interval '1 days'));
insert into stories (id, title, description, acceptance_criteria, business_value, time_criticality, enablement, job_size, status, raw, created_at) values
  ('09c823b7-3851-0920-6bfd-aee6f9bf7c54', 'As a backlog owner, I want a groom-this action that drafts a raw capture into a user story with proposed criteria and a proposed score so that grooming takes a minute and stays under my control.', 'Raw captures get a drafted story: title in story form, description, acceptance criteria, and suggested WSJF inputs. The draft is a proposal to accept or edit; nothing auto-applies. Calls Anthropic through a Vercel serverless proxy, stubbed behind an env flag until the key is wired in a supervised session.', '[{"text":"Groom this appears on raw captures only","done":true},{"text":"Proposal covers story title, description, criteria, and score inputs","done":true},{"text":"Nothing changes without an explicit accept","done":true},{"text":"Works end to end with the API stubbed; no key in the client or the repo","done":true}]'::jsonb, 4, 2, 3, 5, 'done', false, (now() - interval '1 days'));
insert into stories (id, title, description, acceptance_criteria, business_value, time_criticality, enablement, job_size, status, raw, created_at) values
  ('98bead0f-fa58-599f-b12d-de9b7ea22f14', 'As a portfolio reviewer, I want an About view explaining the product and how it was built so that the app doubles as its own case study.', 'One screen: what Foreground is, the prioritization framework it uses, and the build approach. Written as case study copy, reachable from the wordmark header on every screen.', '[{"text":"Covers the product, the framework, and the build in one screen","done":true},{"text":"Reachable in one tap from anywhere in the app","done":true},{"text":"Every screen is screenshot-safe: placeholder data only","done":true}]'::jsonb, 3, 2, 1, 1, 'done', false, (now() - interval '1 days'));
insert into stories (id, title, description, acceptance_criteria, business_value, time_criticality, enablement, job_size, status, raw, created_at) values
  ('5c8c80c6-60c9-4d90-7899-2426cec906be', 'As the builder, I want the grooming proxy wired to the live Anthropic API in a supervised session so that drafts get model quality without a key ever entering the repo.', 'The serverless function and UI are complete and stubbed. Remaining work is Vercel env configuration and a supervised smoke test.', '[{"text":"Key lives only in Vercel project env, never in the repo or the client","done":false},{"text":"Stub flips to live with an env change, no code edit","done":false},{"text":"API failure falls back to the stub with a visible notice","done":false}]'::jsonb, 4, 3, 2, 2, 'groomed', false, (now() - interval '0 days'));
insert into stories (id, title, description, acceptance_criteria, business_value, time_criticality, enablement, job_size, status, raw, created_at) values
  ('33b812e9-8bed-0ae4-7f90-ebdc8082e7cc', 'As a daily user, I want a skippable sixty-second morning check-in showing my top three with one-tap status actions and a quick-capture for anything new, so that the day starts aligned without the app becoming a nag.', 'One sheet on the first open of the day: the top three ranked items with Start / Done / Park, plus a single capture field. Skipping is a first-class outcome, not a failure state.', '[{"text":"Appears on first open of a calendar day only","done":false},{"text":"Dismiss requires one tap","done":false},{"text":"Completing or skipping both take under a minute","done":false},{"text":"No punishment mechanics for skipped days","done":false}]'::jsonb, 4, 2, 2, 3, 'groomed', false, (now() - interval '0 days'));
insert into stories (id, title, description, acceptance_criteria, business_value, time_criticality, enablement, job_size, status, raw, created_at) values
  ('c9508117-ed83-12ca-5e61-69a7ba08a54f', 'As a daily user, I want to hand-order items with equal scores so that ties reflect my judgment instead of creation date.', 'Cut from v1. Only worth building if score ties turn out to be common in real use; revisit after a few weeks of dogfooding.', '[{"text":"Tied items expose a nudge-up and nudge-down control","done":false},{"text":"Manual order survives re-scoring while the tie holds","done":false}]'::jsonb, 2, 1, 1, 3, 'backlog', false, (now() - interval '0 days'));
insert into stories (id, title, description, acceptance_criteria, business_value, time_criticality, enablement, job_size, status, raw, created_at) values
  ('dab51faa-a34b-16fe-2c2e-cffd4823c815', 'Weekly review screen: what shipped, what stalled, what got parked', '', '[]'::jsonb, 3, 3, 3, 3, 'backlog', true, (now() - interval '0 days'));
insert into stories (id, title, description, acceptance_criteria, business_value, time_criticality, enablement, job_size, status, raw, created_at) values
  ('98aa9a53-2dfb-d6dc-cba5-8c898e76898b', 'Export the backlog as markdown for status updates', '', '[]'::jsonb, 3, 3, 3, 3, 'backlog', true, (now() - interval '0 days'));
insert into stories (id, title, description, acceptance_criteria, business_value, time_criticality, enablement, job_size, status, raw, created_at) values
  ('ed2b48dc-cfcd-e9ef-9a35-f98292b9c68a', 'As a returning user, I want an account with sync so that Foreground follows me across devices.', 'Supabase auth on the existing data layer. The v1 schema already carries RLS with a marked lockdown point.', '[{"text":"Sign in once per device; data follows the account","done":false},{"text":"RLS restricts every table to the owning user","done":false},{"text":"Existing local data migrates on first sign-in","done":false}]'::jsonb, 3, 1, 3, 8, 'later', false, (now() - interval '0 days'));
insert into stories (id, title, description, acceptance_criteria, business_value, time_criticality, enablement, job_size, status, raw, created_at) values
  ('beff802a-79a4-9658-72fd-28330999045e', 'As a working PM, I want my Asana projects imported so that Foreground ranks my real workload instead of a copy.', 'The item model has mirrored Asana task fields since v1 for exactly this. Import first; two-way sync is a separate, harder story.', '[{"text":"One-time import maps projects, tasks, sections, and due dates","done":false},{"text":"Re-import updates without duplicating","done":false}]'::jsonb, 4, 1, 2, 8, 'later', false, (now() - interval '0 days'));
insert into stories (id, title, description, acceptance_criteria, business_value, time_criticality, enablement, job_size, status, raw, created_at) values
  ('a35ac26c-107a-789f-350d-c0905777fe06', 'As a daily user, I want the full trail of touch notes on an item so that I can reconstruct where a slow-moving thing stands.', 'v1 keeps only the latest note by design. A history table is the clean later addition it was logged as.', '[{"text":"Every touch appends to a visible timeline on the item","done":false},{"text":"The latest note keeps its current placement in lists","done":false}]'::jsonb, 2, 1, 1, 3, 'later', false, (now() - interval '0 days'));
insert into stories (id, title, description, acceptance_criteria, business_value, time_criticality, enablement, job_size, status, raw, created_at) values
  ('770f1ffa-f99c-5b23-6a79-bbf794a9927b', 'As a daily user, I want one gentle daily notification when something is overdue or about to be so that I open the app at the right moment.', 'A single digest-style nudge, never per-item pings. Pairs with the morning check-in.', '[{"text":"At most one notification per day, at a chosen time","done":false},{"text":"Fires only when something is overdue or due within 48 hours","done":false},{"text":"One tap disables it for good","done":false}]'::jsonb, 3, 2, 1, 5, 'later', false, (now() - interval '0 days'));
insert into stories (id, title, description, acceptance_criteria, business_value, time_criticality, enablement, job_size, status, raw, created_at) values
  ('d22390c0-8238-11c9-4c51-f5a6a45471a9', 'As a phone user, I want Foreground installable and usable offline so that capture never waits for signal.', 'PWA manifest plus a service worker over the existing local-first data layer.', '[{"text":"Installable from the browser with the Foreground icon","done":false},{"text":"Capture and ranking work with no connection","done":false}]'::jsonb, 3, 1, 2, 3, 'later', false, (now() - interval '0 days'));
